Asset,Weight,Quantum_Time,Classical_Time,Speedup (%)
AAPL,0,0.0011472702026367188,0.0036783218383789062,68.8099559242935
MSFT,0,0.0011472702026367188,0.0036783218383789062,68.8099559242935
GOOGL,0,0.0011472702026367188,0.0036783218383789062,68.8099559242935
