Asset,Weight,Quantum_Time,Classical_Time,Speedup (%)
AAPL,0,0.0011043548583984375,0.0035796165466308594,69.14879445850539
MSFT,0,0.0011043548583984375,0.0035796165466308594,69.14879445850539
GOOGL,0,0.0011043548583984375,0.0035796165466308594,69.14879445850539
