Asset,Weight,Quantum_Time,Classical_Time,Speedup (%)
AAPL,1,2.3603439331054688e-05,0.0037505626678466797,99.37066937893331
