Asset,Weight,Quantum_Time,Classical_Time,Speedup (%)
AAPL,1,2.1696090698242188e-05,0.001138448715209961,98.09424083769633
