Asset,Weight,Quantum_Time,Classical_Time,Speedup (%)
AAPL,1,2.1457672119140625e-05,0.001354217529296875,98.41549295774648
